<?xml version="1.0" encoding="UTF-8"?>
<project-private xmlns="http://www.netbeans.org/ns/project-private/1">
    <editor-bookmarks xmlns="http://www.netbeans.org/ns/editor-bookmarks/1"/>
    <editor-bookmarks xmlns="http://www.netbeans.org/ns/editor-bookmarks/2" lastBookmarkId="0"/>
    <open-files xmlns="http://www.netbeans.org/ns/projectui-open-files/2">
        <group>
            <file>file:/C:/Users/user/Desktop/reference%20project/DCIT%20307/Project%20Work%20on%20SMS-Based%20Payment%20System%20for%20Utilities%20in%20Ghana/SMS-Based%20Utility%20Payment%20Server/src/server/WriteToDB.java</file>
            <file>file:/C:/Users/user/Desktop/reference%20project/DCIT%20307/Project%20Work%20on%20SMS-Based%20Payment%20System%20for%20Utilities%20in%20Ghana/SMS-Based%20Utility%20Payment%20Server/src/server/ReadFromDB.java</file>
            <file>file:/C:/Users/user/Desktop/reference%20project/DCIT%20307/Project%20Work%20on%20SMS-Based%20Payment%20System%20for%20Utilities%20in%20Ghana/SMS-Based%20Utility%20Payment%20Server/src/server/HandleServer.java</file>
            <file>file:/C:/Users/user/Desktop/reference%20project/DCIT%20307/Project%20Work%20on%20SMS-Based%20Payment%20System%20for%20Utilities%20in%20Ghana/SMS-Based%20Utility%20Payment%20Server/src/server/Help.java</file>
            <file>file:/C:/Users/user/Desktop/reference%20project/DCIT%20307/Project%20Work%20on%20SMS-Based%20Payment%20System%20for%20Utilities%20in%20Ghana/SMS-Based%20Utility%20Payment%20Server/src/src/resource/fadisicon.png</file>
            <file>file:/C:/Users/user/Desktop/reference%20project/DCIT%20307/Project%20Work%20on%20SMS-Based%20Payment%20System%20for%20Utilities%20in%20Ghana/SMS-Based%20Utility%20Payment%20Server/src/server/Server.java</file>
            <file>file:/C:/Users/user/Desktop/reference%20project/DCIT%20307/Project%20Work%20on%20SMS-Based%20Payment%20System%20for%20Utilities%20in%20Ghana/SMS-Based%20Utility%20Payment%20Server/src/server/About.java</file>
            <file>file:/C:/Users/user/Desktop/reference%20project/DCIT%20307/Project%20Work%20on%20SMS-Based%20Payment%20System%20for%20Utilities%20in%20Ghana/SMS-Based%20Utility%20Payment%20Server/src/server/ListenServer.java</file>
            <file>file:/C:/Users/user/Desktop/reference%20project/DCIT%20307/Project%20Work%20on%20SMS-Based%20Payment%20System%20for%20Utilities%20in%20Ghana/SMS-Based%20Utility%20Payment%20Server/src/server/PerformRequest.java</file>
            <file>file:/C:/Users/user/Desktop/reference%20project/DCIT%20307/Project%20Work%20on%20SMS-Based%20Payment%20System%20for%20Utilities%20in%20Ghana/SMS-Based%20Utility%20Payment%20Server/src/server/ServerInterface.java</file>
            <file>file:/C:/Users/user/Desktop/reference%20project/DCIT%20307/Project%20Work%20on%20SMS-Based%20Payment%20System%20for%20Utilities%20in%20Ghana/SMS-Based%20Utility%20Payment%20Server/src/server/Configuration.java</file>
            <file>file:/C:/Users/user/Desktop/reference%20project/DCIT%20307/Project%20Work%20on%20SMS-Based%20Payment%20System%20for%20Utilities%20in%20Ghana/SMS-Based%20Utility%20Payment%20Server/src/server/Main.java</file>
            <file>file:/C:/Users/user/Desktop/reference%20project/DCIT%20307/Project%20Work%20on%20SMS-Based%20Payment%20System%20for%20Utilities%20in%20Ghana/SMS-Based%20Utility%20Payment%20Server/src/server/ErrorMessage.java</file>
        </group>
    </open-files>
</project-private>
